Organism name	Record name	Accession	Version	Country	Date	Host	Strain	Isolate	Serotype	Note	Length
Ovine mastadenovirus A	Ovine adenovirus A, complete genome	AC_000001	AC_000001.1	missing	missing	missing	missing	missing	Bovine adenovirus 2	Ovine adenovirus A	33,034
Bovine herpesvirus type 1.1 (strain Cooper)	Bovine herpesvirus type 1.1 complete genome	AJ004801	AJ004801.1	missing	missing	missing	Cooper	missing	missing	missing	135,301
Influenza D virus (D/swine/Oklahoma/1334/2011)	Influenza D virus (D/swine/Oklahoma/1334/2011) segment 3 polymerase 3 (P3) gene, complete cds	NC_036619	NC_036619.1	USA	21-Mar-11	swine	D/swine/Oklahoma/1334/2011	missing	missing	missing	2,195
Influenza D virus (D/swine/Oklahoma/1334/2011)	Influenza D virus (D/swine/Oklahoma/1334/2011) segment 6 P42 (P42) gene, complete cds	NC_036620	NC_036620.1	USA	21-Mar-11	swine	D/swine/Oklahoma/1334/2011	missing	missing	missing	1,219
Influenza D virus (D/swine/Oklahoma/1334/2011)	Influenza D virus (D/swine/Oklahoma/1334/2011) segment 7 nonstructural protein 2 (NS2) and nonstructural protein 1 (NS1) genes, complete cds	NC_036621	NC_036621.1	USA	21-Mar-11	swine	D/swine/Oklahoma/1334/2011	missing	missing	missing	868
Vesicular stomatitis Indiana virus	Vesicular stomatitis Indiana virus strain 98COE, complete genome	NC_038236	NC_038236.1	USA: Colorado	missing	equine	98COE	missing	Indiana 1	isolated in 1998	11,162
Bovine respiratory syncytial virus ATCC51908	Bovine respiratory syncytial virus ATCC51908, complete genome	NC_038272	NC_038272.1	missing	missing	missing	ATCC 51908	missing	missing	variant strain of BRSV A51908	15,140
Non-primate hepacivirus NZP1	Non-primate hepacivirus NZP1 polyprotein (POLY) gene, complete cds	NC_038425	NC_038425.1	missing	2011	horse	missing	NZP1	missing	missing	9,531
Bovine herpesvirus type 1.2 strain SP1777	Bovine herpesvirus type 1.2 strain SP1777, complete genome	KM258883	KM258883.1	USA: Oklahoma	2009	Bos taurus	SP1777	missing	missing	acronym: IPV virus; genotype: BoHV-1.2b	134,927
Ovine hokovirus	Ovine hokovirus 1 strain HK-S01 non-structural protein (NS1), minor structural protein (VP2), and major structural protein (VP2) genes, complete cds	NC_038547	NC_038547.1	China	missing	sheep	HK-S01	missing	missing	missing	5,249
Bovine adenovirus 10	Bovine adenovirus 10 isolate Ma268 hexon gene, partial cds	NC_043093	NC_043093.1	USA	Jan-10	Bos taurus	missing	Ma268	missing	missing	571
Ovine adenovirus 1	Ovine adenovirus 1 strain S1 hexon gene, partial cds	NC_043094	NC_043094.1	Ireland	missing	missing	S1	missing	1	missing	2,724
Schmallenberg virus	Schmallenberg virus isolate F6 segment S, complete sequence	NC_043582	NC_043582.1	Netherlands	2011	Bos taurus	missing	F6	missing	originally isolated from the blood of a cow; passaged two times on Vero cells	839
Schmallenberg virus	Schmallenberg virus isolate F6 segment L, complete sequence	NC_043583	NC_043583.1	Netherlands	2011	Bos taurus	missing	F6	missing	originally isolated from the blood of a cow; passaged two times on Vero cells	6,882
Schmallenberg virus	Schmallenberg virus isolate F6 segment M, complete sequence	NC_043584	NC_043584.1	Netherlands	2011	Bos taurus	missing	F6	missing	originally isolated from the blood of a cow; passaged two times on Vero cells	4,373
Cache Valley virus	Cache Valley virus strain 6V633 segment L, complete sequence	NC_043618	NC_043618.1	USA	1956	Culiseta inornata	6V633	missing	missing	missing	6,870
Cache Valley virus	Cache Valley virus strain 6V633 segment M, complete sequence	NC_043619	NC_043619.1	USA	1956	Culiseta inornata	6V633	missing	missing	missing	4,463
Cache Valley virus	Cache Valley virus strain 6V633 segment S, complete sequence	NC_043620	NC_043620.1	USA	1956	Culiseta inornata	6V633	missing	missing	missing	950
Ovine adenovirus 8	Ovine adenovirus 8 strain 7508, complete genome	NC_055526	NC_055526.1	Hungary	2017	Ovis aries (sheep)	7508	missing	missing	missing	36,206
Capra aegagrus polyomavirus 1	Capra aegagrus polyomavirus 1 isolate 7515 C-008-11-3B, complete genome	NC_055557	NC_055557.1	Spain	missing	Capra aegagrus	missing	7515 C-008-11-3B	missing	missing	4,700
Bovine herpesvirus type 1.1	Bovine herpesvirus type 1.1 isolate NVSL challenge 97-11, complete genome	NC_063268	NC_063268.1	USA	missing	Bos taurus	missing	NVSL challenge 97-11	missing	missing	134,896
Bovine coronavirus	Bovine coronavirus strain Mebus, complete genome	U00735	U00735.2	missing	missing	missing	Mebus	missing	missing	missing	31,032
Orf virus	Orf virus strain GO, complete genome	KP010354	KP010354.1	China: Fujian	20-Feb-12	goat	GO	missing	missing	missing	139,866
Respirovirus bovis	Bovine parainfluenza virus 3 strain TtPIV-1, complete genome	KP764763	KP764763.1	USA	missing	missing	TtPIV-1	missing	missing	genotype: B	15,474
Bovine viral diarrhea virus 1b	Bovine viral diarrhea virus type 1b strain HP-KY-RK13, complete genome	KT355592	KT355592.1	USA	missing	missing	HP-KY-RK13	missing	missing	noncytopathic	12,271
Bovine viral diarrhea virus 2	Bovine viral diarrhea virus 2 strain USMARC-60764, complete genome	KT832817	KT832817.1	USA	30-Apr-14	Bos taurus	USMARC-60764	missing	missing	missing	12,235
Bovine viral diarrhea virus 2	Bovine viral diarrhea virus 2 strain USMARC-60765, complete genome	KT832818	KT832818.1	USA	30-Apr-14	Bos taurus	USMARC-60765	missing	missing	missing	12,245
Bovine viral diarrhea virus 2	Bovine viral diarrhea virus 2 strain USMARC-60766, complete genome	KT832819	KT832819.1	USA	30-Apr-14	Bos taurus	USMARC-60766	missing	missing	missing	12,271
Bovine viral diarrhea virus 2	Bovine viral diarrhea virus 2 strain USMARC-60768, complete genome	KT832821	KT832821.1	USA	30-Apr-14	Bos taurus	USMARC-60768	missing	missing	missing	12,236
Bovine viral diarrhea virus 2	Bovine viral diarrhea virus 2 strain USMARC-60779, complete genome	KT832822	KT832822.1	USA	30-Apr-14	Bos taurus	USMARC-60779	missing	missing	missing	12,239
Bovine viral diarrhea virus 2	Bovine viral diarrhea virus 2 strain USMARC-60780, complete genome	KT832823	KT832823.1	USA	30-Apr-14	Bos taurus	USMARC-60780	missing	missing	missing	12,272
Bluetongue virus 2	Bluetongue virus 2 strain BTV-2IT(L) segment 1, complete sequence	JN255862	JN255862.1	Italy	2000	sheep	BTV-2IT(L)	missing	2	missing	3,944
Bluetongue virus 11	Bluetongue virus 11 strain 11/Lab/ZAF/14/OBP-115 segment 2, complete sequence	KT885066	KT885066.1	South Africa: Gauteng,Onderstepoort	13-Jun-14	Ovis aries	11/Lab/ZAF/14/OBP-115	O.aries-vaccine/ZAF/2014/Onderstepoort-OBPvaccine-batch115-expiry11102015-MLV11	11	Passage history: #1 Vero	2,926
Bluetongue virus 11	Bluetongue virus 11 strain 11/Lab/ZAF/14/OBP-115 segment 3, complete sequence	KT885067	KT885067.1	South Africa: Gauteng,Onderstepoort	13-Jun-14	Ovis aries	11/Lab/ZAF/14/OBP-115	O.aries-vaccine/ZAF/2014/Onderstepoort-OBPvaccine-batch115-expiry11102015-MLV11	11	Passage history: #1 Vero	2,772
Bluetongue virus 11	Bluetongue virus 11 strain 11/Lab/ZAF/14/OBP-115 segment 4, complete sequence	KT885068	KT885068.1	South Africa: Gauteng,Onderstepoort	13-Jun-14	Ovis aries	11/Lab/ZAF/14/OBP-115	O.aries-vaccine/ZAF/2014/Onderstepoort-OBPvaccine-batch115-expiry11102015-MLV11	11	Passage history: #1 Vero	1,981
Bluetongue virus 11	Bluetongue virus 11 strain 11/Lab/ZAF/14/OBP-115 segment 5, complete sequence	KT885069	KT885069.1	South Africa: Gauteng,Onderstepoort	13-Jun-14	Ovis aries	11/Lab/ZAF/14/OBP-115	O.aries-vaccine/ZAF/2014/Onderstepoort-OBPvaccine-batch115-expiry11102015-MLV11	11	Passage history: #1 Vero	1,772
Bluetongue virus 11	Bluetongue virus 11 strain 11/Lab/ZAF/14/OBP-115 segment 6, complete sequence	KT885070	KT885070.1	South Africa: Gauteng,Onderstepoort	13-Jun-14	Ovis aries	11/Lab/ZAF/14/OBP-115	O.aries-vaccine/ZAF/2014/Onderstepoort-OBPvaccine-batch115-expiry11102015-MLV11	11	Passage history: #1 Vero	1,638
Bluetongue virus 11	Bluetongue virus 11 strain 11/Lab/ZAF/14/OBP-115 segment 7, complete sequence	KT885071	KT885071.1	South Africa: Gauteng,Onderstepoort	13-Jun-14	Ovis aries	11/Lab/ZAF/14/OBP-115	O.aries-vaccine/ZAF/2014/Onderstepoort-OBPvaccine-batch115-expiry11102015-MLV11	11	Passage history: #1 Vero	1,156
Bluetongue virus 11	Bluetongue virus 11 strain 11/Lab/ZAF/14/OBP-115 segment 8, complete sequence	KT885072	KT885072.1	South Africa: Gauteng,Onderstepoort	13-Jun-14	Ovis aries	11/Lab/ZAF/14/OBP-115	O.aries-vaccine/ZAF/2014/Onderstepoort-OBPvaccine-batch115-expiry11102015-MLV11	11	Passage history: #1 Vero	1,125
Bluetongue virus 2	Bluetongue virus 2 strain BTV-2IT(L) segment 2, complete sequence	JN255863	JN255863.1	Italy	2000	sheep	BTV-2IT(L)	missing	2	missing	2,943
bovine alphaherpesvirus 1	Bovine alphaherpesvirus 1 strain Cooper, complete genome	KU198480	KU198480.2	USA	1966	bovine	Cooper	missing	missing	missing	133,636
Bluetongue virus 2	Bluetongue virus 2 strain BTV-2IT(L) segment 3, complete sequence	JN255864	JN255864.1	Italy	2000	sheep	BTV-2IT(L)	missing	2	missing	2,772
Cache Valley virus	Cache Valley virus strain MI80-1-450 segment S, complete sequence	KX100148	KX100148.1	USA	1980	horse	MI80-1-450	missing	missing	missing	950
Cache Valley virus	Cache Valley virus strain MI80-1-450 segment M, complete sequence	KX100149	KX100149.1	USA	1980	horse	MI80-1-450	missing	missing	missing	4,463
Cache Valley virus	Cache Valley virus strain MI80-1-450 segment L, complete sequence	KX100150	KX100150.1	USA	1980	horse	MI80-1-450	missing	missing	missing	6,870
Cache Valley virus	Cache Valley virus strain WI-03BS7669 segment S, complete sequence	KX100151	KX100151.1	USA	2003	Homo sapiens	WI-03BS7669	missing	missing	missing	950
Cache Valley virus	Cache Valley virus strain WI-03BS7669 segment M, complete sequence	KX100152	KX100152.1	USA	2003	Homo sapiens	WI-03BS7669	missing	missing	missing	4,463
Bluetongue virus 2	Bluetongue virus 2 strain BTV-2IT(L) segment 4, complete sequence	JN255865	JN255865.1	Italy	2000	sheep	BTV-2IT(L)	missing	2	missing	1,981
bovine alphaherpesvirus 1	Bovine alphaherpesvirus 1 isolate 216 II, complete genome	KY215944	KY215944.1	India	31-Dec-76	Bos indicus	missing	216 II	missing	missing	135,301
Bovine alphaherpesvirus 5	Bovine alphaherpesvirus 5 strain P160/96, complete genome	KY559403	KY559403.2	Brazil	1996	Bos taurus	P160/96	missing	missing	missing	137,741
Bluetongue virus 2	Bluetongue virus 2 strain BTV-2IT(L) segment 5, complete sequence	JN255866	JN255866.1	Italy	2000	sheep	BTV-2IT(L)	missing	2	missing	1,774
Bluetongue virus 2	Bluetongue virus 2 strain BTV-2IT(L) segment 6, complete sequence	JN255867	JN255867.1	Italy	2000	sheep	BTV-2IT(L)	missing	2	missing	1,635
Bovine leukemia virus	Bovine leukemia virus proviral DNA, complete genome, strain: por71	LC080671	LC080671.1	Bolivia	5/21/08	Bos taurus	por71	missing	missing	missing	8,720
bovine alphaherpesvirus 1	Bovine alphaherpesvirus 1 culture ATCC:VR-188 strain Los Angeles, complete genome	MF421714	MF421714.1	USA	1956	Bos taurus	Los Angeles	missing	missing	genotype: 1.1	134,766
Bluetongue virus 2	Bluetongue virus 2 strain BTV-2IT(L) segment 7, complete sequence	JN255868	JN255868.1	Italy	2000	sheep	BTV-2IT(L)	missing	2	missing	1,154
bovine alphaherpesvirus 1	Bovine alphaherpesvirus 1 isolate MN1, complete genome	MG407775	MG407775.1	USA	15-May-01	missing	missing	MN1	missing	missing	134,896
Bluetongue virus 2	Bluetongue virus 2 strain BTV-2IT(L) segment 8, complete sequence	JN255869	JN255869.1	Italy	2000	sheep	BTV-2IT(L)	missing	2	missing	1,125
bovine alphaherpesvirus 1	Bovine alphaherpesvirus 1 isolate MN2, complete genome	MG407776	MG407776.1	USA	17-Jul-01	missing	missing	MN2	missing	missing	134,960
Bluetongue virus 2	Bluetongue virus 2 strain BTV-2IT(L) segment 9, complete sequence	JN255870	JN255870.1	Italy	2000	sheep	BTV-2IT(L)	missing	2	missing	1,049
bovine alphaherpesvirus 1	Bovine alphaherpesvirus 1 isolate MN3, complete genome	MG407777	MG407777.1	USA	5-Sep-01	missing	missing	MN3	missing	missing	134,901
Bluetongue virus 2	Bluetongue virus 2 strain BTV-2IT(L) segment 10, complete sequence	JN255871	JN255871.1	Italy	2000	sheep	BTV-2IT(L)	missing	2	missing	822
bovine alphaherpesvirus 1	Bovine alphaherpesvirus 1 isolate MN4, complete genome	MG407778	MG407778.1	USA	13-May-08	missing	missing	MN4	missing	missing	134,896
Bluetongue virus 17	Bluetongue virus 17 isolate S7668 segment 1, complete sequence	JX272449	JX272449.1	South Africa	missing	missing	missing	S7668	missing	missing	3,944
bovine alphaherpesvirus 1	Bovine alphaherpesvirus 1 isolate MN5, complete genome	MG407779	MG407779.1	USA	10-Apr-09	missing	missing	MN5	missing	missing	134,878
bovine alphaherpesvirus 1	Bovine alphaherpesvirus 1 isolate MN6, complete genome	MG407780	MG407780.1	USA	4-Oct-10	missing	missing	MN6	missing	missing	134,885
Bluetongue virus 17	Bluetongue virus 17 isolate S7668 segment 2, complete sequence	JX272450	JX272450.1	South Africa	missing	missing	missing	S7668	missing	missing	2,923
Bluetongue virus 17	Bluetongue virus 17 isolate S7668 segment 3, complete sequence	JX272451	JX272451.1	South Africa	missing	missing	missing	S7668	missing	missing	2,772
bovine alphaherpesvirus 1	Bovine alphaherpesvirus 1 isolate MN7, complete genome	MG407781	MG407781.1	USA	4-Oct-10	missing	missing	MN7	missing	missing	134,883
Bluetongue virus 17	Bluetongue virus 17 isolate S7668 segment 4, complete sequence	JX272452	JX272452.1	South Africa	missing	missing	missing	S7668	missing	missing	1,981
bovine alphaherpesvirus 1	Bovine alphaherpesvirus 1 isolate MN8, complete genome	MG407782	MG407782.1	USA	4-Oct-10	missing	missing	MN8	missing	missing	134,884
Bluetongue virus 17	Bluetongue virus 17 isolate S7668 segment 5, complete sequence	JX272453	JX272453.1	South Africa	missing	missing	missing	S7668	missing	missing	1,769
Bluetongue virus 17	Bluetongue virus 17 isolate S7668 segment 6, complete sequence	JX272454	JX272454.1	South Africa	missing	missing	missing	S7668	missing	missing	1,638
Bluetongue virus 17	Bluetongue virus 17 isolate S7668 segment 7, complete sequence	JX272455	JX272455.1	South Africa	missing	missing	missing	S7668	missing	missing	1,156
bovine alphaherpesvirus 1	Bovine alphaherpesvirus 1 isolate MN11, complete genome	MG407785	MG407785.1	USA	23-Nov-10	missing	missing	MN11	missing	missing	134,896
Bluetongue virus 17	Bluetongue virus 17 isolate S7668 segment 8, complete sequence	JX272456	JX272456.1	South Africa	missing	missing	missing	S7668	missing	missing	1,125
bovine alphaherpesvirus 1	Bovine alphaherpesvirus 1 isolate MN12, complete genome	MG407786	MG407786.1	USA	23-Nov-10	missing	missing	MN12	missing	missing	134,885
Bluetongue virus 17	Bluetongue virus 17 isolate S7668 segment 9, complete sequence	JX272457	JX272457.1	South Africa	missing	missing	missing	S7668	missing	missing	1,049
Bluetongue virus 17	Bluetongue virus 17 isolate S7668 segment 10, complete sequence	JX272458	JX272458.1	South Africa	missing	missing	missing	S7668	missing	missing	822
bovine alphaherpesvirus 1	Bovine alphaherpesvirus 1 isolate MN13, complete genome	MG407787	MG407787.1	USA	9-Jun-11	missing	missing	MN13	missing	missing	134,896
Bluetongue virus 13	Bluetongue virus 13 isolate 160 segment 1, complete sequence	JX272489	JX272489.1	South Africa	missing	missing	missing	160	missing	missing	3,944
Bluetongue virus 13	Bluetongue virus 13 isolate 160 segment 2, complete sequence	JX272490	JX272490.1	South Africa	missing	missing	missing	160	missing	missing	2,935
bovine alphaherpesvirus 1	Bovine alphaherpesvirus 1 isolate MN15, complete genome	MG407789	MG407789.1	USA	19-Nov-13	missing	missing	MN15	missing	missing	134,889
Bluetongue virus 13	Bluetongue virus 13 isolate 160 segment 3, complete sequence	JX272491	JX272491.1	South Africa	missing	missing	missing	160	missing	missing	2,772
Bluetongue virus 13	Bluetongue virus 13 isolate 160 segment 4, complete sequence	JX272492	JX272492.1	South Africa	missing	missing	missing	160	missing	missing	1,981
bovine alphaherpesvirus 1	Bovine alphaherpesvirus 1 isolate PA2, complete genome	MG407791	MG407791.1	USA	5-Mar-15	missing	missing	PA2	missing	missing	134,884
bovine alphaherpesvirus 1	Bovine alphaherpesvirus 1 isolate PA3, complete genome	MG407792	MG407792.1	USA	5-Mar-15	missing	missing	PA3	missing	missing	134,890
Bluetongue virus 13	Bluetongue virus 13 isolate 160 segment 6, complete sequence	JX272494	JX272494.1	South Africa	missing	missing	missing	160	missing	missing	1,637
Orf virus	Orf virus strain SY17, complete genome	MG712417	MG712417.1	China: Songyuan	16-Nov-16	sheep	SY17	missing	missing	missing	140,413
Bluetongue virus 13	Bluetongue virus 13 isolate 160 segment 7, complete sequence	JX272495	JX272495.1	South Africa	missing	missing	missing	160	missing	missing	1,156
Bovine leukemia virus	Bovine leukemia virus isolate CHI-DQ, complete genome	MG800834	MG800834.1	China	8-Mar-17	cattle	missing	CHI-DQ	missing	genotype: 6	8,720
Bluetongue virus 13	Bluetongue virus 13 isolate 160 segment 8, complete sequence	JX272496	JX272496.1	South Africa	missing	missing	missing	160	missing	missing	1,125
Caprine alphaherpesvirus 1	Caprine alphaherpesvirus 1 strain JSHA1405, complete genome	MG989243	MG989243.1	China	10-Mar-14	goat	JSHA1405	missing	missing	missing	134,617
Bluetongue virus 13	Bluetongue virus 13 isolate 160 segment 9, complete sequence	JX272497	JX272497.1	South Africa	missing	missing	missing	160	missing	missing	1,049
Bovine coronavirus	Bovine coronavirus isolate 7-16-23, complete genome	MH043955	MH043955.1	USA: Pennsylvania	Jul-16	Bos taurus	missing	7/16/23	missing	sequencing of viral RNA extracted from first growth of original fecal sample in cell culture	31,032
bovine alphaherpesvirus 1	Bovine alphaherpesvirus 1 isolate C14 CSU 034-10640, complete genome	MH598936	MH598936.1	USA	2003	Bos taurus	missing	dairy cow with necrotic vaginitis	missing	subtype: 1.1	134,430
Bluetongue virus 13	Bluetongue virus 13 isolate 160 segment 10, complete sequence	JX272498	JX272498.1	South Africa	missing	missing	missing	160	missing	missing	822
bovine alphaherpesvirus 1	Bovine alphaherpesvirus 1 isolate C28 55771, complete genome	MH598938	MH598938.1	USA: Oklahoma	1981	Bos taurus	missing	C28 55771	missing	subtype: 1.1	135,192
bovine alphaherpesvirus 1	Bovine alphaherpesvirus 1 isolate Arsenal IBR MLV vaccine, complete genome	MH724202	MH724202.1	USA	missing	missing	missing	Arsenal IBR MLV vaccine	missing	"Modified live IBR virus vaccine;
subtype: 1.1"	133,737
bovine alphaherpesvirus 1	Bovine alphaherpesvirus 1 isolate Express 1 IBR MLV vaccine, complete genome	MH724204	MH724204.1	USA	missing	missing	missing	Express 1 IBR MLV vaccine	missing	"Modified live IBR virus vaccine;
subtype: 1.1"	134,823
bovine alphaherpesvirus 1	Bovine alphaherpesvirus 1 isolate Pyramid IBR MLV vaccine, complete genome	MH724205	MH724205.1	USA	missing	missing	missing	Pyramid IBR MLV vaccine	missing	"Modified live IBR virus vaccine;
subtype: 1.1"	134,754
bovine alphaherpesvirus 1	Bovine alphaherpesvirus 1 isolate Vista IBR MLV vaccine, complete genome	MH724206	MH724206.1	USA	missing	missing	missing	Vista IBR MLV vaccine	missing	"Modified live IBR virus vaccine;
subtype: 1.1"	134,931
bovine alphaherpesvirus 1	Bovine alphaherpesvirus 1 isolate BoviShield Gold FP5 MLV vaccine, complete genome	MH724208	MH724208.1	USA	missing	missing	missing	BoviShield Gold FP5 MLV vaccine	missing	"Modified live IBR virus vaccine;
subtype: 1.1"	134,631
bovine alphaherpesvirus 1	Bovine alphaherpesvirus 1 isolate TSV-2 Nasal MLV vaccine, complete genome	MH724209	MH724209.1	USA	missing	missing	missing	TSV-2 Nasal MLV vaccine	missing	"Modified live IBR virus vaccine;
subtype: 1.1"	134,888
Bovine leukemia virus	Bovine leukemia virus complete genome	K02120	K02120.1	missing	missing	missing	missing	missing	missing	missing	8,714
bovine alphaherpesvirus 1	Bovine alphaherpesvirus 1 isolate Nasalgen IP MLV vaccine, complete genome	MH724210	MH724210.1	USA	missing	missing	missing	Nasalgen IP MLV vaccine	missing	"Modified live IBR virus vaccine;
subtype: 1.1"	133,709
Bovine viral diarrhea virus 1	Bovine viral diarrhea virus 1 isolate Av69 VEDEVAC, complete genome	KC695814	KC695814.1	USA	Dec-11	bovine	missing	Av69 VEDEVAC	missing	genotype: 1b	12,276
bovine alphaherpesvirus 1	Bovine alphaherpesvirus 1 isolate C18, complete genome	MH751898	MH751898.1	USA	2011	Bos taurus	missing	C18	missing	"T1103047A;
subtype: 1.1"	134,339
bovine alphaherpesvirus 1	Bovine alphaherpesvirus 1 isolate C26, complete genome	MH751899	MH751899.1	USA	missing	Bos taurus	missing	C26	missing	"A141150080;
subtype: 1.1"	134,549
Respirovirus bovis	Bovine parainfluenza virus 3 isolate TVMDL17, complete genome	KJ647286	KJ647286.1	USA	2007	bovine	missing	TVMDL17	missing	genotype: B	15,474
bovine alphaherpesvirus 1	Bovine alphaherpesvirus 1 isolate C29, complete genome	MH751900	MH751900.1	USA	1981	Bos taurus	missing	C29	missing	"GD-47039;
subtype: 1.1"	134,519
Respirovirus bovis	Bovine parainfluenza virus 3 isolate TVMDL20, complete genome	KJ647287	KJ647287.1	USA	2012	bovine	missing	TVMDL20	missing	genotype: C	15,474
Respirovirus bovis	Bovine parainfluenza virus 3 isolate TVMDL60, complete genome	KJ647289	KJ647289.1	USA	2007	bovine	missing	TVMDL60	missing	genotype: A	15,456
Bovine gammaherpesvirus 6	Bovine herpesvirus 6 isolate Pennsylvania 47, complete genome	KJ705001	KJ705001.1	USA	1972	Bos taurus	missing	Pennsylvania 47	missing	missing	144,898
bovine alphaherpesvirus 1	Bovine alphaherpesvirus 1 isolate C42, complete genome	MH791336	MH791336.1	USA	1978	Bos taurus	missing	C42	missing	subtype: 1.1	134,727
bovine alphaherpesvirus 1	Bovine alphaherpesvirus 1 isolate C43, complete genome	MH791337	MH791337.1	USA	1978	Bos taurus	missing	C43	missing	subtype: 1.1	134,755
bovine alphaherpesvirus 1	Bovine alphaherpesvirus 1 isolate C44, complete genome	MH791338	MH791338.1	USA	1978	Bos taurus	missing	C44	missing	type: BoHV-1; subtype: 1.1	133,563
bovine alphaherpesvirus 1	Bovine alphaherpesvirus 1 isolate C45, complete genome	MH791339	MH791339.1	USA	1979	Bos taurus	missing	C45	missing	type: BoHV-1; subtype: 1.1	133,582
bovine alphaherpesvirus 1	Bovine alphaherpesvirus 1 isolate C46, complete genome	MH791340	MH791340.1	USA	1979	Bos taurus	missing	C46	missing	type: BoHV-1; subtype: 1.1	133,554
Bovine herpesvirus type 1.2 strain K22	Bovine herpesvirus type 1.2 strain K22, complete genome	KM258880	KM258880.1	USA: New York	1958	Bos taurus	K22	missing	missing	acronym: IPV virus; genotype: BoHV-1.2b	135,240
bovine alphaherpesvirus 1	Bovine alphaherpesvirus 1 isolate C47, complete genome	MH791341	MH791341.1	USA	1978	Bos taurus	missing	C47	missing	type: BoHV-1; subtype: 1.1	133,441
Bovine viral diarrhea virus 2	Bovine viral diarrhea virus 2 isolate 125c, complete genome	MH806434	MH806434.1	USA	1990	missing	missing	125c	missing	"cytopathic;
genotype: 2a"	12,621
Bovine viral diarrhea virus 2	Bovine viral diarrhea virus 2 isolate 1336H, complete genome	MH806435	MH806435.1	USA	2005	missing	missing	1336H	missing	"noncytopathic;
genotype: 2a"	12,221
Bovine viral diarrhea virus 2	Bovine viral diarrhea virus 2 isolate 296c, complete genome	MH806436	MH806436.1	USA	1995	missing	missing	296c	missing	"cytopathic;
genotype: 2a"	12,629
Bovine viral diarrhea virus 2	Bovine viral diarrhea virus 2 isolate 9231, complete genome	MH806437	MH806437.1	USA	2004	missing	missing	9231	missing	"noncytopathic;
genotype: 2a"	12,285
Bovine viral diarrhea virus 2	Bovine viral diarrhea virus 2 isolate McCart_c, complete genome	MH806438	MH806438.1	USA	1989	missing	missing	McCart_c	missing	"cytopathic;
genotype: 2a"	12,598
Small ruminant lentivirus	Small ruminant lentivirus isolate 1150, complete genome	MH916859	MH916859.1	USA	12-Feb-17	Ovis aries breed Hampshire; TMEM154 diplotype '4,4'; age 6	missing	1150	missing	genotype: A2	9,195
Bovine viral diarrhea virus 1	Bovine viral diarrhea virus 1 isolate CA2006, complete genome	MK775204	MK775204.1	USA	2006	bovine	missing	CA2006	missing	biotype: cytopathic; genotype: 1i	15,752
Bovine viral diarrhea virus 1	Bovine viral diarrhea virus 1 strain PI34, complete genome	MN188073	MN188073.1	USA	2017	calf	PI34	missing	missing	biotype: noncytopathic; genotype: 1a	12,276
Bovine viral diarrhea virus 1	Bovine viral diarrhea virus 1 strain PI285, complete genome	MN188074	MN188074.1	USA	2017	calf	PI285	missing	missing	biotype: noncytopathic; genotype: 1b	12,222
Orf virus	Orf virus strain TVL, complete genome	MN454854	MN454854.1	USA: West Texas	Jan-19	ovine	TVL	missing	missing	missing	134,893
Bovine viral diarrhea virus 2	Bovine viral diarrhea virus 2 strain GS2018, complete genome	MN527354	MN527354.1	USA	10-Aug-18	bovine	GS2018	missing	missing	subtype: 2a; biotype: CP; genotype: 2	12,235
Orf virus	Orf virus isolate MP, complete genome	MT332357	MT332357.1	India	21-Jan-17	goat	missing	MP	missing	missing	139,807
Bovine viral diarrhea virus 1	Bovine viral diarrhea virus 1 strain 20-8536, complete genome	MT654137	MT654137.1	USA: Nebraska	21-Apr-20	Bison bison	20-8536	missing	missing	missing	12,299
Ovine parainfluenza virus 3	Ovine parainfluenza virus 3 isolate TX01, complete genome	MT756864	MT756864.1	China	21-Feb-19	sheep	missing	TX01	missing	missing	15,663
Bovine viral diarrhea virus 1	Bovine viral diarrhea virus 1 strain PI819, complete genome	MW713362	MW713362.1	USA: Alabama	2017	missing	PI819	missing	missing	biotype: noncytopathic; genotype: 1b	12,312
Bovine viral diarrhea virus 1	Bovine viral diarrhea virus 1 strain PI407, complete genome	MW732738	MW732738.1	USA	2015	missing	PI407	missing	missing	biotype: noncytopathic; genotype: 1b	12,076
Bovine viral diarrhea virus 1	Bovine viral diarrhea virus 1 strain YandaSpl, complete genome	MW732739	MW732739.1	USA	1993	missing	YandaSpl	missing	missing	biotype: noncytopathic; genotype: 1a	11,969
Cache Valley virus	Cache Valley virus isolate 4B segment S, complete sequence	MZ612419	MZ612419.1	USA	missing	Aedes japonicus	missing	4B	missing	missing	944
Cache Valley virus	Cache Valley virus isolate 4B segment M, complete sequence	MZ612420	MZ612420.1	USA	missing	Aedes japonicus	missing	4B	missing	missing	4,459
Cache Valley virus	Cache Valley virus isolate W08491 segment M, complete sequence	MZ612421	MZ612421.1	USA	missing	Culex tarsalis	missing	W08491	missing	missing	4,462
Cache Valley virus	Cache Valley virus isolate W08491 segment L, complete sequence	MZ612422	MZ612422.1	USA	missing	Culex tarsalis	missing	W08491	missing	missing	6,866
Cache Valley virus	Cache Valley virus isolate 4B segment L, complete sequence	MZ612423	MZ612423.1	USA	missing	Aedes japonicus	missing	4B	missing	missing	6,866
Bovine immunodeficiency virus	Bovine immunodeficiency-like virus, complete proviral genome	NC_001413	NC_001413.1	missing	missing	missing	missing	HXB3	missing	missing	8,482
Epsilonpolyomavirus bovis	Bovine polyomavirus, complete genome	NC_001442	NC_001442.1	missing	missing	missing	missing	missing	missing	missing	4,697
Visna-maedi virus	Visna/Maedi virus strain kv1772, complete genome	NC_001452	NC_001452.1	missing	missing	missing	kv1772	missing	missing	missing	9,202
Bovine viral diarrhea virus 1	Bovine viral diarrhea virus 1, complete genome	NC_001461	NC_001461.1	missing	missing	missing	NADL	missing	missing	cytopathogenic strain	12,573
Caprine arthritis encephalitis virus	Caprine arthritis-encephalitis virus, complete genome	NC_001463	NC_001463.1	missing	missing	missing	missing	missing	missing	missing	9,189
Jaagsiekte sheep retrovirus	Jaagsiekte sheep retrovirus, complete genome	NC_001494	NC_001494.1	missing	missing	missing	missing	missing	missing	missing	7,462
Ovine lentivirus	Ovine lentivirus, complete genome	NC_001511	NC_001511.1	missing	missing	missing	missing	missing	missing	missing	9,256
Vesicular stomatitis Indiana virus	Vesicular stomatitis Indiana virus, complete genome	NC_001560	NC_001560.1	missing	missing	missing	missing	missing	missing	missing	11,161
West Nile virus	West Nile virus lineage 2, complete genome	NC_001563	NC_001563.2	missing	missing	missing	956	missing	missing	lineage 2	10,962
Jembrana disease virus	Jembrana disease virus Tabanan/87 strain, complete genome	NC_001654	NC_001654.1	missing	missing	Bos javanicus	Tabanan/87	missing	missing	missing	7,732
Deltapapillomavirus 3	Ovine papillomavirus - 1, complete genome	NC_001789	NC_001789.1	missing	missing	missing	missing	missing	missing	missing	7,761
Louping ill virus	Louping ill virus, complete genome	NC_001809	NC_001809.1	missing	missing	missing	369/T2	missing	missing	missing	10,871
Bovine foamy virus	Bovine foamy virus, complete genome	NC_001831	NC_001831.1	missing	missing	missing	missing	missing	missing	missing	12,002
Enterovirus E	Bovine enterovirus, complete genome	NC_001859	NC_001859.1	missing	missing	missing	VG-5-27	missing	missing	missing	7,414
bovine respiratory syncytial virus	Bovine orthopneumovirus, complete genome	NC_001989	NC_001989.1	missing	missing	missing	ATue51908	missing	missing	missing	15,140
Influenza A virus (A/Puerto Rico/8/1934(H1N1))	Influenza A virus (A/Puerto Rico/8/1934(H1N1)) segment 7, complete sequence	NC_002016	NC_002016.1	Puerto Rico	1934	missing	A/Puerto Rico/8/1934	missing	H1N1	missing	1,027
Influenza A virus (A/Puerto Rico/8/1934(H1N1))	Influenza A virus (A/Puerto Rico/8/1934(H1N1)) segment 4, complete sequence	NC_002017	NC_002017.1	Puerto Rico	1934	missing	A/Puerto Rico/8/1934	missing	H1N1	missing	1,778
Influenza A virus (A/Puerto Rico/8/1934(H1N1))	Influenza A virus (A/Puerto Rico/8/1934(H1N1)) segment 6, complete sequence	NC_002018	NC_002018.1	missing	missing	missing	A/Puerto Rico/8/1934(H1N1)	missing	missing	missing	1,413
Influenza A virus (A/Puerto Rico/8/1934(H1N1))	Influenza A virus (A/Puerto Rico/8/1934(H1N1)) segment 5, complete sequence	NC_002019	NC_002019.1	missing	missing	missing	A/Puerto Rico/8/1934(H1N1)	missing	missing	missing	1,565
Influenza A virus (A/Puerto Rico/8/1934(H1N1))	Influenza A virus (A/Puerto Rico/8/1934(H1N1)) segment 8, complete sequence	NC_002020	NC_002020.1	Puerto Rico	1934	missing	A/Puerto Rico/8/1934	missing	H1N1	missing	890
Influenza A virus (A/Puerto Rico/8/1934(H1N1))	Influenza A virus (A/Puerto Rico/8/1934(H1N1)) segment 2, complete sequence	NC_002021	NC_002021.1	Puerto Rico	1934	missing	A/Puerto Rico/8/1934	missing	missing	missing	2,341
Influenza A virus (A/Puerto Rico/8/1934(H1N1))	Influenza A virus (A/Puerto Rico/8/1934(H1N1)) segment 3, complete sequence	NC_002022	NC_002022.1	Puerto Rico	1934	missing	A/Puerto Rico/8/1934	missing	H1N1	missing	2,233
Influenza A virus (A/Puerto Rico/8/1934(H1N1))	Influenza A virus (A/Puerto Rico/8/1934(H1N1)) segment 1, complete sequence	NC_002023	NC_002023.1	Puerto Rico	1934	missing	A/Puerto Rico/8/1934	missing	H1N1	missing	2,341
Respirovirus bovis	Bovine parainfluenza virus 3, complete genome	NC_002161	NC_002161.1	missing	missing	missing	missing	missing	missing	grown in Madin Darby bovine kidney cells	15,456
Mamastrovirus 13	Ovine astrovirus, complete genome	NC_002469	NC_002469.1	missing	missing	sheep	missing	provided by Dr. D.R. Snodgrass, Moredun Research Institute, Edinburgh	missing	missing	6,440
Bovine ephemeral fever virus	Bovine ephemeral fever virus, complete genome	NC_002526	NC_002526.1	missing	missing	missing	missing	missing	missing	missing	14,900
Lumpy skin disease virus NI-2490	Lumpy skin disease virus NI-2490, complete genome	NC_003027	NC_003027.1	Kenya	missing	missing	missing	Neethling 2490	missing	isolated from cattle in 1958; 16 passages in lamb testicle cell culture	150,773
Bovine coronavirus	Bovine coronavirus isolate BCoV-ENT, complete genome	NC_003045	NC_003045.1	missing	missing	missing	missing	BCoV-ENT	missing	missing	31,028
Border disease virus	Border disease virus X818, complete genome	NC_003679	NC_003679.1	missing	missing	missing	X818; Clover Lane	missing	missing	Border disease virus strain X818 that was formerly classified as Pestivirus type 3	12,333
Ovine adenovirus 7	Ovine adenovirus 7, complete genome	NC_004037	NC_004037.2	missing	missing	missing	OAV287	missing	missing	missing	29,576
Nebraska virus	Nebraska virus, complete genome	NC_004064	NC_004064.1	missing	missing	missing	NB	missing	missing	missing	7,453
Influenza A virus (A/Hong Kong/1073/99(H9N2))	Influenza A virus (A/Hong Kong/1073/99(H9N2)) segment 5, complete sequence	NC_004905	NC_004905.2	Hong Kong:Kowloon	1999	missing	A/Hong Kong/1073/99	missing	H9N2	missing	1,557
Influenza A virus (A/Hong Kong/1073/99(H9N2))	Influenza A virus (A/Hong Kong/1073/99(H9N2)) segment 8, complete sequence	NC_004906	NC_004906.1	Hong Kong:Kowloon	missing	missing	A/Hong Kong/1073/99	missing	H9N2	missing	890
Influenza A virus (A/Hong Kong/1073/99(H9N2))	Influenza A virus (A/Hong Kong/1073/99(H9N2)) segment 7, complete sequence	NC_004907	NC_004907.1	Hong Kong:Kowloon	1999	missing	A/Hong Kong/1073/99 (H9N2)	missing	missing	missing	1,025
Influenza A virus (A/Hong Kong/1073/99(H9N2))	Influenza A virus ha gene for Hemagglutinin, genomic RNA, strain A/Hong Kong/1073/99(H9N2)	NC_004908	NC_004908.1	missing	missing	missing	A/Hong Kong/1073/99	missing	missing	subtype H9N2	1,714
Influenza A virus (A/Hong Kong/1073/99(H9N2))	Influenza A virus na gene for neuraminidase, genomic RNA, strain A/Hong Kong/1073/99(H9N2)	NC_004909	NC_004909.1	missing	missing	missing	A/Hong Kong/1073/99	missing	missing	subtype H9N2	1,418
Influenza A virus (A/Hong Kong/1073/99(H9N2))	Influenza A virus pb2 gene for polymerase Pb2, genomic RNA, strain A/Hong Kong/1073/99(H9N2)	NC_004910	NC_004910.1	missing	missing	missing	A/Hong Kong/1073/99	missing	missing	subtype H9N2	2,341
Influenza A virus (A/Hong Kong/1073/99(H9N2))	Influenza A virus pb1 gene for polymerase Pb1, genomic RNA, strain A/Hong Kong/1073/99(H9N2)	NC_004911	NC_004911.1	missing	missing	missing	A/Hong Kong/1073/99	missing	missing	subtype H9N2	2,328
Influenza A virus (A/Hong Kong/1073/99(H9N2))	Influenza A virus pa gene for polymerase PA, genomic RNA, strain A/Hong Kong/1073/99(H9N2)	NC_004912	NC_004912.1	missing	missing	missing	A/Hong Kong/1073/99	missing	missing	subtype H9N2	2,225
Enzootic nasal tumor virus 2	Enzootic nasal tumour virus of goats, complete genome	NC_004994	NC_004994.2	missing	missing	missing	missing	missing	missing	missing	7,448
Bluetongue virus	Bluetongue virus segment 8, complete sequence	NC_006007	NC_006007.1	missing	missing	missing	missing	missing	10	segment S8	1,125
Bluetongue virus	Bluetongue virus gene for VP6 protein, complete cds	NC_006008	NC_006008.2	missing	missing	missing	missing	missing	10	missing	1,049
Bluetongue virus	Bluetongue virus segment 6, complete sequence	NC_006010	NC_006010.1	missing	missing	missing	missing	missing	10	"segment M5;
clones pM113, pJ90 and pC88"	1,638
Bluetongue virus	Bluetongue virus VP2 gene, complete cds	NC_006013	NC_006013.2	missing	missing	missing	missing	missing	missing	missing	2,921
Bluetongue virus	Bluetongue virus segment 3, complete sequence	NC_006014	NC_006014.1	missing	missing	missing	missing	missing	missing	segment L3	2,772
Bluetongue virus	Bluetongue virus segment 10, complete sequence	NC_006015	NC_006015.1	missing	missing	missing	missing	missing	missing	segment S10	822
Bluetongue virus	Bluetongue virus segment 7, complete sequence	NC_006022	NC_006022.1	missing	missing	missing	serotype 10	missing	missing	segment S7	1,156
Bluetongue virus	Bluetongue virus segment 1, complete sequence	NC_006023	NC_006023.1	missing	missing	missing	missing	missing	10	segment L1	3,944
Bluetongue virus	Bluetongue virus segment 4, complete sequence	NC_006024	NC_006024.2	missing	missing	missing	missing	missing	10	segment M4	1,980
Bluetongue virus	Bluetongue virus segment 5, complete sequence	NC_006025	NC_006025.1	missing	missing	missing	missing	missing	10	segment M6	1,769
Vaccinia virus	Vaccinia virus, complete genome	NC_006998	NC_006998.1	missing	missing	missing	WR (Western Reserve)	missing	missing	purified by sucrose gradient centrifugation	194,711
Ovine enzootic nasal tumor virus	Ovine enzootic nasal tumour virus, complete genome	NC_007015	NC_007015.1	missing	missing	Ovis aries	missing	sheep TNO28	missing	missing	7,434
Influenza A virus (A/goose/Guangdong/1/1996(H5N1))	Influenza A virus (A/Goose/Guangdong/1/96(H5N1)) polymerase (PB2) gene, complete cds	NC_007357	NC_007357.1	missing	missing	missing	A/Goose/Guangdong/1/96(H5N1)	missing	missing	missing	2,341
Influenza A virus (A/goose/Guangdong/1/1996(H5N1))	Influenza A virus (A/goose/Guangdong/1/1996(H5N1)) polymerase (PB1) and PB1-F2 protein (PB1-F2) genes, complete cds	NC_007358	NC_007358.1	China	1996	goose	A/goose/Guangdong/1/1996	missing	H5N1	missing	2,341
Influenza A virus (A/goose/Guangdong/1/1996(H5N1))	Influenza A virus (A/goose/Guangdong/1/1996(H5N1)) polymerase (PA) and PA-X protein (PA-X) genes, complete cds	NC_007359	NC_007359.1	China	1996	goose	A/goose/Guangdong/1/1996	missing	H5N1	missing	2,233
Influenza A virus (A/goose/Guangdong/1/1996(H5N1))	Influenza A virus (A/Goose/Guangdong/1/96(H5N1)) nucleocapsid protein (NP) gene, complete cds	NC_007360	NC_007360.1	missing	missing	missing	A/Goose/Guangdong/1/96(H5N1)	missing	missing	missing	1,565
Influenza A virus (A/goose/Guangdong/1/1996(H5N1))	Influenza A virus (A/Goose/Guangdong/1/96(H5N1)) neuraminidase (NA) gene, complete cds	NC_007361	NC_007361.1	missing	missing	missing	A/Goose/Guangdong/1/96(H5N1)	missing	missing	missing	1,458
Influenza A virus (A/goose/Guangdong/1/1996(H5N1))	Influenza A virus (A/goose/Guangdong/1/1996(H5N1)) hemagglutinin (HA) gene, complete cds	NC_007362	NC_007362.1	missing	missing	missing	A/goose/Guangdong/1/1996	missing	H5N1	missing	1,760
Influenza A virus (A/goose/Guangdong/1/1996(H5N1))	Influenza A virus (A/goose/Guangdong/1/1996(H5N1)) segment 7, complete sequence	NC_007363	NC_007363.1	missing	missing	missing	A/goose/Guangdong/1/1996	missing	H5N1	missing	1,027
Influenza A virus (A/goose/Guangdong/1/1996(H5N1))	Influenza A virus (A/goose/Guangdong/1/1996(H5N1)) segment 8, complete sequence	NC_007364	NC_007364.1	missing	missing	missing	A/goose/Guangdong/1/1996	missing	H5N1	missing	865
Influenza A virus (A/New York/392/2004(H3N2))	Influenza A virus (A/New York/392/2004(H3N2)) segment 4, complete sequence	NC_007366	NC_007366.1	USA: Tompkins County, NY	21-Dec-04	Homo sapiens	A/New York/392/2004	missing	H3N2	missing	1,762
Influenza A virus (A/New York/392/2004(H3N2))	Influenza A virus (A/New York/392/2004(H3N2)) segment 7, complete sequence	NC_007367	NC_007367.1	USA: Tompkins County, NY	21-Dec-04	Homo sapiens	A/New York/392/2004	missing	H3N2	missing	1,027
Influenza A virus (A/New York/392/2004(H3N2))	Influenza A virus (A/New York/392/2004(H3N2)) segment 6, complete sequence	NC_007368	NC_007368.1	USA: Tompkins County, NY	21-Dec-04	Homo sapiens	A/New York/392/2004	missing	H3N2	missing	1,467
Influenza A virus (A/New York/392/2004(H3N2))	Influenza A virus (A/New York/392/2004(H3N2)) segment 5, complete sequence	NC_007369	NC_007369.1	USA: Tompkins County, NY	21-Dec-04	Homo sapiens	A/New York/392/2004	missing	H3N2	missing	1,566
Influenza A virus (A/New York/392/2004(H3N2))	Influenza A virus (A/New York/392/2004(H3N2)) segment 8, complete sequence	NC_007370	NC_007370.1	USA: Tompkins County, NY	21-Dec-04	Homo sapiens	A/New York/392/2004	missing	H3N2	missing	890
Influenza A virus (A/New York/392/2004(H3N2))	Influenza A virus (A/New York/392/2004(H3N2)) segment 3, complete sequence	NC_007371	NC_007371.1	USA: Tompkins County, NY	21-Dec-04	Homo sapiens	A/New York/392/2004	missing	H3N2	missing	2,233
Influenza A virus (A/New York/392/2004(H3N2))	Influenza A virus (A/New York/392/2004(H3N2)) segment 2, complete sequence	NC_007372	NC_007372.1	USA: Tompkins County, NY	21-Dec-04	Homo sapiens	A/New York/392/2004	missing	H3N2	missing	2,341
Influenza A virus (A/New York/392/2004(H3N2))	Influenza A virus (A/New York/392/2004(H3N2)) segment 1, complete sequence	NC_007373	NC_007373.1	USA: Tompkins County, NY	21-Dec-04	Homo sapiens	A/New York/392/2004	missing	H3N2	missing	2,341
Influenza A virus (A/Korea/426/1968(H2N2))	Influenza A virus (A/Korea/426/1968(H2N2)) segment 4, complete sequence	NC_007374	NC_007374.1	missing	missing	missing	A/Korea/426/1968	missing	H2N2	missing	1,773
Influenza A virus (A/Korea/426/1968(H2N2))	Influenza A virus (A/Korea/426/1968(H2N2)) segment 2, complete sequence	NC_007375	NC_007375.1	missing	missing	missing	A/Korea/426/1968	missing	H2N2	missing	2,341
Influenza A virus (A/Korea/426/1968(H2N2))	Influenza A virus (A/Korea/426/1968(H2N2)) segment 3, complete sequence	NC_007376	NC_007376.1	South Korea	1968	missing	A/Korea/426/1968	missing	H2N2	missing	2,233
Influenza A virus (A/Korea/426/1968(H2N2))	Influenza A virus (A/Korea/426/1968(H2N2)) segment 1, complete sequence	NC_007378	NC_007378.1	missing	1968	missing	A/Korea/426/1968	missing	H2N2	missing	2,341
Influenza A virus (A/Korea/426/1968(H2N2))	Influenza A virus (A/Korea/426/1968(H2N2)) segment 5, complete sequence	NC_007381	NC_007381.1	missing	1968	Homo sapiens	A/Korea/426/1968	missing	H2N2	missing	1,497
Influenza A virus (A/Korea/426/1968(H2N2))	Influenza A virus (A/Korea/426/1968(H2N2)) segment 6, complete sequence	NC_007382	NC_007382.1	missing	1968	Homo sapiens	A/Korea/426/1968	missing	H2N2	missing	1,410
Breda virus	Breda virus, complete genome	NC_007447	NC_007447.1	missing	missing	missing	Breda 1	missing	missing	missing	28,475
Bos taurus papillomavirus 7	Bovine papillomavirus 7, complete genome	NC_007612	NC_007612.1	missing	missing	missing	missing	missing	missing	missing	7,412
Newbury agent 1	Newbury agent 1 virus, complete genome	NC_007916	NC_007916.1	United Kingdom	missing	cattle	missing	missing	missing	missing	7,454
Akabane virus	Akabane virus segment L, complete sequence	NC_009894	NC_009894.1	missing	missing	missing	OBE-1	missing	missing	missing	6,868
Akabane virus	Akabane virus segment M, complete sequence	NC_009895	NC_009895.1	missing	missing	missing	OBE-1	missing	missing	missing	4,309
Akabane virus	Akabane virus segment S, complete sequence	NC_009896	NC_009896.1	missing	missing	missing	OBE-1	missing	missing	missing	858
West Nile virus	West Nile virus lineage 1, complete genome	NC_009942	NC_009942.1	USA	missing	missing	NY99	385-99	missing	lineage 1; Vero cell passage 2 after isolation	11,029
bovine rhinitis B virus 1	Bovine rhinitis B virus 1, complete genome	NC_010354	NC_010354.1	United Kingdom	missing	bovine	EC11	missing	2	missing	7,556
Rotavirus A	Rotavirus A segment 5, complete genome	NC_011500	NC_011500.2	missing	missing	missing	RVA/Simian-tc/ZAF/SA11-H96/1958/G3P5B[2]	missing	G3	missing	1,614
Rotavirus A	Rotavirus A segment 7, complete genome	NC_011501	NC_011501.2	missing	missing	missing	RVA/Simian-tc/ZAF/SA11-H96/1958/G3P5B[2]	missing	G3	missing	1,105
Rotavirus A	Rotavirus A segment 8, complete genome	NC_011502	NC_011502.2	missing	missing	missing	RVA/Simian-tc/ZAF/SA11-H96/1958/G3P5B[2]	missing	G3	missing	1,059
Rotavirus A	Rotavirus A segment 9, complete genome	NC_011503	NC_011503.2	missing	missing	missing	RVA/Simian-tc/ZAF/SA11-H96/1958/G3P5B[2]	missing	G3	missing	1,062
Rotavirus A	Rotavirus A segment 10, complete genome	NC_011504	NC_011504.2	missing	missing	missing	RVA/Simian-tc/ZAF/SA11-H96/1958/G3P5B[2]	missing	G3	missing	751
Rotavirus A	Rotavirus A segment 11, complete genome	NC_011505	NC_011505.2	missing	missing	missing	RVA/Simian-tc/ZAF/SA11-H96/1958/G3P5B[2]	missing	G3	missing	667
Rotavirus A	Rotavirus A segment 2, complete genome	NC_011506	NC_011506.2	missing	missing	missing	RVA/Simian-tc/ZAF/SA11-H96/1958/G3P5B[2]	missing	G3	missing	2,693
Rotavirus A	Rotavirus A segment 1, complete genome	NC_011507	NC_011507.2	missing	missing	missing	RVA/Simian-tc/ZAF/SA11-H96/1958/G3P5B[2]	missing	G3	missing	3,302
Rotavirus A	Rotavirus A segment 3, complete genome	NC_011508	NC_011508.2	missing	missing	missing	RVA/Simian-tc/ZAF/SA11-H96/1958/G3P5B[2]	missing	G3	missing	2,591
Rotavirus A	Rotavirus A segment 6, complete genome	NC_011509	NC_011509.2	missing	missing	missing	RVA/Simian-tc/ZAF/SA11-H96/1958/G3P5B[2]	missing	G3	missing	1,356
Rotavirus A	Rotavirus A segment 4, complete genome	NC_011510	NC_011510.2	missing	missing	missing	RVA/Simian-tc/ZAF/SA11-H96/1958/G3P5B[2]	missing	G3	missing	2,362
Wesselsbron virus	Wesselsbron virus strain SAH177, complete genome	NC_012735	NC_012735.1	South Africa	missing	missing	SAH177	missing	missing	missing	10,814
Bovine viral diarrhea virus 3 Th/04_KhonKaen	Bovine viral diarrhea virus 3 Th/04_KhonKaen, complete genome	NC_012812	NC_012812.1	Thailand	2004	bovine	Th/04_KhonKaen	missing	missing	missing	12,337
Epizootic hemorrhagic disease virus (serotype 1 / strain New Jersey)	Epizootic hemorrhagic disease virus (serotype 1 / strain New Jersey) segment 1	NC_013396	NC_013396.1	USA:New Jersey	1955	missing	New Jersey	USA1955/01	1	missing	3,942
Epizootic hemorrhagic disease virus (serotype 1 / strain New Jersey)	Epizootic hemorrhagic disease virus (serotype 1 / strain New Jersey) segment 2	NC_013397	NC_013397.1	USA:New Jersey	1955	missing	New Jersey	USA1955/01	1	missing	2,968
Epizootic hemorrhagic disease virus (serotype 1 / strain New Jersey)	Epizootic hemorrhagic disease virus (serotype 1 / strain New Jersey) segment 3	NC_013398	NC_013398.1	USA:New Jersey	1955	missing	New Jersey	USA1955/01	1	missing	2,768
Epizootic hemorrhagic disease virus (serotype 1 / strain New Jersey)	Epizootic hemorrhagic disease virus (serotype 1 / strain New Jersey) segment 4	NC_013399	NC_013399.1	USA:New Jersey	1955	missing	New Jersey	USA1955/01	1	missing	1,983
Epizootic hemorrhagic disease virus (serotype 1 / strain New Jersey)	Epizootic hemorrhagic disease virus (serotype 1 / strain New Jersey) segment 5	NC_013400	NC_013400.1	USA:New Jersey	1955	missing	New Jersey	USA1955/01	1	missing	1,803
Epizootic hemorrhagic disease virus (serotype 1 / strain New Jersey)	Epizootic hemorrhagic disease virus (serotype 1 / strain New Jersey) segment 6	NC_013401	NC_013401.1	USA:New Jersey	1955	missing	New Jersey	USA1955/01	1	missing	1,640
Epizootic hemorrhagic disease virus (serotype 1 / strain New Jersey)	Epizootic hemorrhagic disease virus (serotype 1 / strain New Jersey) segment 7	NC_013402	NC_013402.1	USA:New Jersey	1955	missing	New Jersey	USA1955/01	1	missing	1,162
Epizootic hemorrhagic disease virus (serotype 1 / strain New Jersey)	Epizootic hemorrhagic disease virus (serotype 1 / strain New Jersey) segment 8	NC_013403	NC_013403.1	USA:New Jersey	1955	missing	New Jersey	USA1955/01	1	missing	1,186
Epizootic hemorrhagic disease virus (serotype 1 / strain New Jersey)	Epizootic hemorrhagic disease virus (serotype 1 / strain New Jersey) segment 9	NC_013404	NC_013404.1	USA:New Jersey	1955	missing	New Jersey	USA1955/01	1	missing	1,143
Epizootic hemorrhagic disease virus (serotype 1 / strain New Jersey)	Epizootic hemorrhagic disease virus (serotype 1 / strain New Jersey) segment 10	NC_013405	NC_013405.1	USA:New Jersey	1955	missing	New Jersey	USA1955/01	1	missing	810
Cyclovirus PKgoat21/PAK/2009	Cyclovirus PKgoat21/PAK/2009, complete genome	NC_014927	NC_014927.1	Pakistan	2009	goat	missing	PKgoat21	missing	missing	1,838
Cyclovirus PKgoat11/PAK/2009	Cyclovirus PKgoat11/PAK/2009, complete genome	NC_014928	NC_014928.1	Pakistan	2009	goat	missing	PKgoat11	missing	missing	1,751
Aino virus	Aino virus Gn-Gc-NSm gene for M polyprotein, segment M, genomic RNA, isolate 38K	NC_018459	NC_018459.1	missing	missing	missing	missing	38K	missing	missing	4,335
Aino virus	Aino virus N and NSs genes, segment S, genomic RNA, isolate 38K	NC_018460	NC_018460.1	missing	missing	missing	missing	38K	missing	missing	834
Aino virus	Aino virus RdRp gene for RNA-dependent RNA polymerase, segment L, genomic RNA, isolate 38K	NC_018465	NC_018465.1	missing	missing	missing	missing	38K	missing	missing	6,966
Aydin-like pestivirus	Pestivirus strain Aydin/04-TR, complete genome	NC_018713	NC_018713.1	Turkey	2004	sheep	Aydin/04-TR	missing	missing	missing	12,292
Bovine adenovirus 6	Bovine adenovirus 6 strain 671130, complete genome	NC_020074	NC_020074.1	Netherlands	1968	Bos taurus	671130	missing	Bovine adenovirus E	missing	30,024
Caprine kobuvirus	Caprine kobuvirus isolate 12Q108, complete genome	NC_023422	NC_023422.1	South Korea	2012	black goat	missing	12Q108	missing	missing	8,305
Bovine astrovirus B76/HK	Bovine astrovirus B76/HK, complete genome	NC_023629	NC_023629.1	Hong Kong	missing	cattle	B76/HK	missing	missing	missing	6,253
Bovine astrovirus B76-2/HK	Bovine astrovirus B76-2/HK, complete genome	NC_023630	NC_023630.1	Hong Kong	missing	cattle	B76-2/HK	missing	missing	missing	6,301
Bovine astrovirus B18/HK	Bovine astrovirus B18/HK, complete genome	NC_023631	NC_023631.1	Hong Kong	missing	cattle	B18/HK	missing	missing	missing	6,300
Bovine astrovirus B170/HK	Bovine astrovirus B170/HK, complete genome	NC_023632	NC_023632.1	Hong Kong	missing	cattle	B170/HK	missing	missing	missing	6,317
Bovine astrovirus	Bovine astrovirus strain BAstV-GX7/CHN/2014, complete genome	NC_024297	NC_024297.1	China	Jan-14	cattle	BAstV-GX7/CHN/2014	missing	missing	missing	6,233
Bovine gammaherpesvirus 6	Bovine herpesvirus 6 isolate Pennsylvania 47, complete genome	NC_024303	NC_024303.1	USA	1972	Bos taurus	missing	Pennsylvania 47	missing	missing	144,898
Vesicular stomatitis New Jersey virus	Vesicular stomatitis New Jersey virus isolate NJ1184HDB, complete genome	NC_024473	NC_024473.1	Honduras	1984	bovine	missing	NJ1184HDB	missing	missing	11,123
Bovine astrovirus CH13	Bovine astrovirus CH13, complete genome	NC_024498	NC_024498.1	Switzerland	Mar-12	cattle	missing	CH13	missing	missing	6,530
Middelburg virus	Middelburg virus isolate ArB-8422, complete genome	NC_024887	NC_024887.1	Central African Republic: Bozo	23-Aug-77	Aedes vittatus	missing	ArB-8422	missing	viral sample derived from a lyophilized vial; CRORA collection	11,550
Vesicular stomatitis Alagoas virus	Vesicular stomatitis Alagoas virus Indiana 3, complete genome	NC_025353	NC_025353.1	Brazil	1964	missing	missing	Indiana 3	missing	missing	11,070
Coastal Plains virus	Coastal Plains virus strain DPP53, complete genome	NC_025397	NC_025397.1	Australia	1981	bovine	DPP53	missing	missing	missing	13,203
Bovine polyomavirus 2	Bovine polyomavirus 2 strain BPyV2-SF, complete genome	NC_025811	NC_025811.1	USA: San Francisco	2014	missing	BPyV2-SF	missing	missing	missing	5,085
Bovine picornavirus	Bovine picornavirus isolate TCH6 polyprotein gene, complete cds	NC_026249	NC_026249.1	USA	2013	Bos taurus	missing	TCH6	missing	missing	7,018
Influenza A virus (A/Shanghai/02/2013(H7N9))	Influenza A virus (A/Shanghai/02/2013(H7N9)) segment 1 polymerase PB2 (PB2) gene, complete cds	NC_026422	NC_026422.1	China	5-Mar-13	Homo sapiens	A/Shanghai/02/2013	missing	H7N9	passage details: E1	2,280
Influenza A virus (A/Shanghai/02/2013(H7N9))	Influenza A virus (A/Shanghai/02/2013(H7N9)) segment 2 polymerase PB1 (PB1) and PB1-F2 protein (PB1-F2) genes, complete cds	NC_026423	NC_026423.1	China	5-Mar-13	Homo sapiens	A/Shanghai/02/2013	missing	H7N9	passage details: E1	2,297
Influenza A virus (A/Shanghai/02/2013(H7N9))	Influenza A virus (A/Shanghai/02/2013(H7N9)) segment 3 polymerase PA (PA) and PA-X protein (PA-X) genes, complete cds	NC_026424	NC_026424.1	China	5-Mar-13	Homo sapiens	A/Shanghai/02/2013	missing	H7N9	passage details: E1	2,176
Influenza A virus (A/Shanghai/02/2013(H7N9))	Influenza A virus (A/Shanghai/02/2013(H7N9)) segment 4 hemagglutinin (HA) gene, complete cds	NC_026425	NC_026425.1	China	5-Mar-13	Homo sapiens	A/Shanghai/02/2013	missing	H7N9	passage details: E1	1,708
Influenza A virus (A/Shanghai/02/2013(H7N9))	Influenza A virus (A/Shanghai/02/2013(H7N9)) segment 5 nucleocapsid protein (NP) gene, complete cds	NC_026426	NC_026426.1	China	5-Mar-13	Homo sapiens	A/Shanghai/02/2013	missing	H7N9	passage details: E1	1,506
Influenza A virus (A/Shanghai/02/2013(H7N9))	Influenza A virus (A/Shanghai/02/2013(H7N9)) segment 7 matrix protein 2 (M2) and matrix protein 1 (M1) genes, complete cds	NC_026427	NC_026427.1	China	5-Mar-13	Homo sapiens	A/Shanghai/02/2013	missing	H7N9	passage details: E1	985
Influenza A virus (A/Shanghai/02/2013(H7N9))	Influenza A virus (A/Shanghai/02/2013(H7N9)) segment 8 nuclear export protein (NEP) and nonstructural protein 1 (NS1) genes, complete cds	NC_026428	NC_026428.1	China	5-Mar-13	Homo sapiens	A/Shanghai/02/2013	missing	H7N9	passage details: E1	841
Influenza A virus (A/Shanghai/02/2013(H7N9))	Influenza A virus (A/Shanghai/02/2013(H7N9)) segment 6 neuraminidase (NA) gene, complete cds	NC_026429	NC_026429.1	China	5-Mar-13	Homo sapiens	A/Shanghai/02/2013	missing	H7N9	passage details: E1	1,398
Influenza A virus (A/California/07/2009(H1N1))	Influenza A virus (A/California/07/2009(H1N1)) segment 7 matrix protein 2 (M2) and matrix protein 1 (M1) genes, complete cds	NC_026431	NC_026431.1	USA: California state	9-Apr-09	Homo sapiens; gender M; age 54	A/California/07/2009	missing	H1N1	missing	982
Influenza A virus (A/California/07/2009(H1N1))	Influenza A virus (A/California/07/2009(H1N1)) segment 8 nuclear export protein (NEP) and nonstructural protein 1 (NS1) genes, complete cds	NC_026432	NC_026432.1	USA: California state	9-Apr-09	Homo sapiens; gender M; age 54	A/California/07/2009	missing	H1N1	missing	863
Influenza A virus (A/California/07/2009(H1N1))	Influenza A virus (A/California/07/2009(H1N1)) segment 4 hemagglutinin (HA) gene, complete cds	NC_026433	NC_026433.1	USA: California state	9-Apr-09	Homo sapiens; gender M; age 54	A/California/07/2009	missing	H1N1	missing	1,701
Influenza A virus (A/California/07/2009(H1N1))	Influenza A virus (A/California/07/2009(H1N1)) segment 6 neuraminidase (NA) gene, complete cds	NC_026434	NC_026434.1	USA: California state	9-Apr-09	Homo sapiens; gender M; age 54	A/California/07/2009	missing	H1N1	missing	1,410
Influenza A virus (A/California/07/2009(H1N1))	Influenza A virus (A/California/07/2009(H1N1)) segment 2 polymerase PB1 (PB1) gene, complete cds; and nonfunctional PB1-F2 protein (PB1-F2) gene, complete sequence	NC_026435	NC_026435.1	USA: California state	9-Apr-09	Homo sapiens; gender M; age 54	A/California/07/2009	missing	H1N1	missing	2,274
Influenza A virus (A/California/07/2009(H1N1))	Influenza A virus (A/California/07/2009(H1N1)) segment 5 nucleocapsid protein (NP) gene, complete cds	NC_026436	NC_026436.1	USA: California state	9-Apr-09	Homo sapiens; gender M; age 54	A/California/07/2009	missing	H1N1	missing	1,497
Influenza A virus (A/California/07/2009(H1N1))	Influenza A virus (A/California/07/2009(H1N1)) segment 3 polymerase PA (PA) gene, complete cds	NC_026437	NC_026437.1	USA: California state	9-Apr-09	Homo sapiens; gender M; age 54	A/California/07/2009	missing	H1N1	missing	2,151
Influenza A virus (A/California/07/2009(H1N1))	Influenza A virus (A/California/07/2009(H1N1)) segment 1 polymerase PB2 (PB2) gene, complete cds	NC_026438	NC_026438.1	USA: California state	9-Apr-09	Homo sapiens; gender M; age 54	A/California/07/2009	missing	H1N1	missing	2,280
Bovine hepacivirus	Bovine hepacivirus polyprotein (POLY) gene, complete cds	NC_026797	NC_026797.1	Ghana	2011	Bos taurus	missing	GHC25	missing	missing	8,850
Sheep polyomavirus 1	Sheep polyomavirus 1 isolate VH4-S14 from USA, complete genome	NC_026942	NC_026942.1	USA	2014	Ovis aries	missing	VH4-S14	missing	missing	5,132
Influenza D virus (D/bovine/France/2986/2012)	Influenza D virus (D/bovine/France/2986/2012) viral cRNA for P3 (P3 gene)	NC_026948	NC_026948.1	missing	missing	missing	missing	missing	missing	missing	2,133
Influenza D virus (D/bovine/France/2986/2012)	Influenza D virus (D/bovine/France/2986/2012) viral cRNA for NP (NP gene)	NC_026949	NC_026949.1	missing	missing	missing	missing	missing	missing	missing	1,659
Influenza D virus (D/bovine/France/2986/2012)	Influenza D virus (D/bovine/France/2986/2012) viral cRNA for M1 (M gene)	NC_026950	NC_026950.1	missing	missing	missing	missing	missing	missing	missing	1,164
Influenza D virus (D/bovine/France/2986/2012)	Influenza D virus (D/bovine/France/2986/2012) viral cRNA for NS1 (NS gene)	NC_026951	NC_026951.1	missing	missing	missing	missing	missing	missing	missing	760
Influenza D virus (D/bovine/France/2986/2012)	Influenza D virus (D/bovine/France/2986/2012) viral cRNA for HEF (HEF gene)	NC_026952	NC_026952.1	missing	missing	missing	missing	missing	missing	missing	1,995
Influenza D virus (D/bovine/France/2986/2012)	Influenza D virus (D/bovine/France/2986/2012) viral cRNA for PB2 (PB2 gene)	NC_026953	NC_026953.1	missing	missing	missing	missing	missing	missing	missing	2,319
Influenza D virus (D/bovine/France/2986/2012)	Influenza D virus (D/bovine/France/2986/2012) segment 2, complete sequence	NC_026956	NC_026956.1	missing	missing	missing	missing	missing	missing	missing	2,262
Caprine parainfluenza virus 3	Caprine parainfluenza virus 3 strain JS2013, complete genome	NC_028362	NC_028362.1	China	1-Dec-13	goat	JS2013	missing	missing	missing	15,618
Sheep faeces associated smacovirus 3	Sheep faeces associated smacovirus 3 isolate 47_Fec58091_sheep, complete sequence	NC_030120	NC_030120.1	New Zealand	2012	Ovis aries	missing	47_Fec58091_sheep	missing	missing	2,608
Sheep faeces associated smacovirus 1	Sheep faeces associated smacovirus 1 isolate 47_Fec58729_sheep, complete sequence	NC_030121	NC_030121.1	New Zealand	2012	Ovis aries	missing	47_Fec58729_sheep	missing	missing	2,861
Sheep faeces associated smacovirus 2	Sheep faeces associated smacovirus 2 isolate 47_Fec60415_sheep, complete sequence	NC_030122	NC_030122.1	New Zealand	2012	Ovis aries	missing	47_Fec60415_sheep	missing	missing	2,712
Bovine calicivirus strain Kirklareli	Bovine calicivirus strain Kirklareli, complete genome	NC_030793	NC_030793.1	Turkey	2012	bovine	Kirklareli	missing	missing	missing	7,484
Bovine rhinovirus 1	Bovine rhinovirus 1 strain SD-1, complete genome	NC_034245	NC_034245.1	USA	missing	carf	SD-1	missing	1	missing	7,253
Enterovirus goat/JL14	Enterovirus goat/JL14, complete genome	NC_034267	NC_034267.1	China	20-Apr-14	Capra hircus	missing	JL14	missing	missing	7,461
Nairobi sheep disease virus	Nairobi sheep disease virus isolate Jilin segment S nucleocapsid gene, complete cds	NC_034386	NC_034386.1	China	2013	tick	missing	Jilin	missing	missing	1,590
Nairobi sheep disease virus	Nairobi sheep disease virus isolate Jilin segment L RNA-dependent RNA polymerase gene, complete cds	NC_034387	NC_034387.1	China	2013	tick	missing	Jilin	missing	missing	12,081
Nairobi sheep disease virus	Nairobi sheep disease virus isolate Jilin segment M glycoprotein precursor, gene, complete cds	NC_034391	NC_034391.1	China	2013	tick	missing	Jilin	missing	missing	5,077
Goat torovirus	Goat torovirus strain SZ, complete genome	NC_034976	NC_034976.1	China	29-Sep-12	Capra hircus	SZ	missing	missing	missing	28,487
Influenza D virus (D/swine/Oklahoma/1334/2011)	Influenza D virus (D/swine/Oklahoma/1334/2011) segment 1 polymerase PB2 (PB2) gene, complete cds	NC_036616	NC_036616.1	USA	21-Mar-11	swine	D/swine/Oklahoma/1334/2011	missing	missing	missing	2,364
Influenza D virus (D/swine/Oklahoma/1334/2011)	Influenza D virus (D/swine/Oklahoma/1334/2011) segment 5 nucleoprotein (NP) gene, complete cds	NC_036617	NC_036617.1	USA	21-Mar-11	swine	D/swine/Oklahoma/1334/2011	missing	missing	missing	1,775
Influenza D virus (D/swine/Oklahoma/1334/2011)	Influenza D virus (D/swine/Oklahoma/1334/2011) segment 4 hemagglutinin-esterase precursor (HEF) gene, complete cds	NC_036618	NC_036618.1	USA	21-Mar-11	swine	D/swine/Oklahoma/1334/2011	missing	missing	missing	2,049
